"Name","Price","Ratings","NoOfReviews"
"CASIO STANDARD DIGITAL WATCH WITH LED-LIGHT F-91W-1JF","£10.74£10.74","5,005","4.5 out of 5 stars"
"LN LENQIN Mens Watches Ladies Watches Analog Quartz Watch for Men Women 30M Waterproof Watch Fashion Casual Men's Wrist Watches with Date Silicone Band Unisex Watch","£6.12£6.12","803","4.4 out of 5 stars"
"Smart Watch, Fitness Tracker 1.69"" Touch Screen Fitness Watch with Heart Rate Sleep Monitor, Step Counter for Men Women Activity Trackers IP68 Waterproof Smartwatch Sports for iOS Android","£29.99£29.99 RRP: £76.99£76.99","23,929","4.0 out of 5 stars"
"Casio Men's Watch in Resin/Acrylic Glass with Neo Display & Buckle - Water Resistant to 50 m","£26.99£26.99 RRP: £45.00£45.00","6,251","4.6 out of 5 stars"
"Ravel - Women's Pastel Coloured Everyday Silver Tone Watch - Analogue Quartz - R0137","£14.16£14.16 Was: £16.66£16.66","2,498","4.4 out of 5 stars"
"Mens Digital Watches, 5 ATM Waterproof Sport Watch with Alarm/Stopwatch Black Big Face Running Military Wrist Watch with LED Backlight for Men by RSVOM","£24.97£24.97 RRP: £49.99£49.99","3,212","4.6 out of 5 stars"
"Ravel Unisex Easy Read Watch with Big Numbers","£101.53£101.53 RRP: £161.10£161.10","7,677","4.4 out of 5 stars"
"Smart Watch for Women Men Answer/Make Calls, 1.85"" Fitness Watch with Heart Rate Sleep Monitor, Step Counter, 100+ Sports, IP68 Waterproof Fitness Smartwatches Compatible with Android IOS","£205.06£205.06","15,853","4.2 out of 5 stars"
"Timex Easy Reader 35 mm Date Window Watch","£24.98£24.98 RRP: £33.32£33.32","5,797","4.5 out of 5 stars"
"LN LENQIN Mens Watches Military Watch Field Watch Analog Quartz Watches for Men Waterproof Wrist Watches with Date Nylon Band Army Tactical Sports Watch","£33.32£33.32 RRP: £54.99£54.99","154","4.3 out of 5 stars"
"LLKBOHA Smart Watch for Men Women - 1.85"" Touch Screen Smart Watches with Call Function,111+ Sports Modes with IP68 Waterproof,Smartwatch with Heart Rate/SpO2/Sleep Monitor for Android iPhone","£25.99£25.99 RRP: £49.99£49.99","850","4.3 out of 5 stars"
"Tommy Hilfiger Analogue Multifunction Quartz Watch for Men with Blue Silicone Bracelet - 1791791","£25.82£25.82 RRP: £74.99£74.99","378","4.5 out of 5 stars"
"Citizen Mens Chronograph Eco-Drive Watch","£24.99£24.99","807","4.5 out of 5 stars"
"Sekonda Classic Brown Leather Strap Watch 3676","£72.96£72.96","191","4.4 out of 5 stars"
"TOOBUR Smart Watch for Women Alexa Built-in, IP68 Waterproof Swimming, 1.8"" Fitness Watch with Answer&Make Call/Heart Rate/Step Counter/Sleep Tracker/100 Sports, Compatible Android iOS","£6.98£6.98","1,571","4.1 out of 5 stars"
"Csasan Smart Watch with Answer/Make Calls, 1.85'' Touch Fitness Watch, Smartwatch for Men Women with Heart Rate Sleep Monitor, 112 Sports Modes, IP68 Waterproof, for Android IOS","£24.29£24.29","739","4.5 out of 5 stars"
"Smart Watch for Men Women Answer/Make Calls, 1.85"" Touch Screen Smart Watches with Step Counter, Heart Rate Sleep Monitor, 110+ Sport Modes, Fitness Tracker, IP68 Waterproof Smartwatch for Android iOS","£37.99£37.99","2,040","4.6 out of 5 stars"
"HANPOSH Mens Watches Chronograph Stainless Steel Analog Quartz Watch Waterproof Men's Wrist Watches Business Casual Fashion Watch for Men","£144.99£144.99","738","4.2 out of 5 stars"
"Lacoste Analogue Quartz Watch for Men with Brown Leather Strap - 2011230","£29.99£29.99 RRP: £79.99£79.99","10","4.8 out of 5 stars"
"Men's Wrist Watches, Analog Quartz Business Stainless Steel Waterproof Watch, Luxury Casual Classic Multi-Function Watches for Men","£10.74£10.74","137","4.2 out of 5 stars"
"Timex Easy Reader Women's 25 mm Leather Strap Date Window Watch","£33.32£33.32","6,484","4.6 out of 5 stars"
"Men's Watches with Stainless Steel and Metal Casual Waterproof Chronograph Quartz Watch, Auto Date","£26.66£26.66 RRP: £54.16£54.16","3,409","4.4 out of 5 stars"
"BOSS Men's Quartz Watch with Stainless Steel Strap, Two Tone, 22 (Model: 1513767), Two Tone, Quartz Watch","£29.66£29.66 RRP: £36.00£36.00","108","4.4 out of 5 stars"
"Smart Watch Answer/Make Calls, 1.85"" Smart Watches for Women and Men, Fitness Watch SpO2/Heart Rate/Sleep Monitor, 112 Sport Modes, Calorie/Step Counter, IP7 Waterproof Fitness Tracker for Android iOS","£106.47£106.47 RRP: £179.10£179.10","4,271","4.2 out of 5 stars"
"VDSOW Men's Waterproof Sport Watch with Alarm/Stopwatch, Large Wrist Military with LED Backlight, Black, S, Strap, Black, S, Strap","£4.49£4.49","3,648","4.4 out of 5 stars"
"BY BENYAR Watch for Men Analog Quartz Chronograph Mens Watches 30M Waterproof Luminous Big Face Designer Dress Wrist Watches Business Work Sport Casual Fashion Watch Elegant Gift for Men","£23.99£23.99 RRP: £89.99£89.99","13,497","4.4 out of 5 stars"
"Sekonda Men's Quartz Watch with Blue Dial Analogue Display and Silver Stainless Steel Bracelet 1065.27","£36.42£36.42 RRP: £53.99£53.99","357","4.4 out of 5 stars"
"Timex Expedition Camper Men's 39 mm Watch","£42.87£42.87 RRP: £80.99£80.99","8,115","4.4 out of 5 stars"
"Tommy Hilfiger Analogue Multifunction Quartz Watch for Men with Two-Tone Stainless Steel Bracelet - 1791226","£194.99£194.99","836","4.6 out of 5 stars"
"Wrist Watch for Women, Fashion Designed Quartz Analog Women's Watch with Silicone Strap","£29.99£29.99","156","4.5 out of 5 stars"
"Smart Watch for Men Women Answer/Make Calls, 1.85""Fitness Tracker with Heart Rate Sleep Monitor Fitness Watch 100+Sports Modes Step Counter IP68 Waterproof Activity Trackers Smartwatch for Android iOS","£168.29£168.29","868","4.0 out of 5 stars"
"Sekonda Men's Digital Watch with Digital Display","","106","4.0 out of 5 stars"
"Sekonda Men's Chronograph Watch, with Various Colour dials in Either a Leather Strap or Stainless Steel Bracelet","£18.58£18.58","256","4.5 out of 5 stars"
"BOSS Chronograph Quartz Watch for Men with Silver Stainless Steel Bracelet - 1513527","£69.63£69.63 RRP: £116.10£116.10","522","4.6 out of 5 stars"
"Smart Watch for Men Answer/Make Calls, 1.85"" Touch Screen Fitness Watch with Heart Rate Sleep Monitor Step Counter, 113 Sports Modes Fitness Tracker, IP68 Waterproof Smartwatch for Android iOS, Black","£82.90£82.90 RRP: £125.10£125.10","761","4.4 out of 5 stars"
"Gadgetking Military Army Mens Date Canvas Strap Analog Quartz Sport Wrist Watch Gift Gift for him Dad Uncle Father Teenager Man Secret Santa Adult Stocking Filler","£5.00£5.00","28","3.4 out of 5 stars"
"HANPOSH Mens Watches Analog Quartz Watches Men 50M Waterproof Watch Fashion Business Casual Mens Designer Watch with Date Wrist Watches for Man","£8.32£8.32","1,552","4.3 out of 5 stars"
"Emporio Armani Watch for Men, Chronograph Watch, 43mm case size","£151.45£151.45 RRP: £269.10£269.10","73","4.6 out of 5 stars"
"HUGO Analogue Quartz Watch for Men with Silver Stainless Steel Bracelet - 1530246","£89.10£89.10 RRP: £107.10£107.10","10","5.0 out of 5 stars"
"Fitbit Versa 4 Fitness Smartwatch with built-in GPS and up to 6 days battery life - compatible with Android and iOS.","£134.10£134.10","4,786","4.4 out of 5 stars"
"Timex Men's Quartz Expedition Camper Watch with Dial Analogue Display and Nylon Strap","£33.78£33.78 RRP: £40.50£40.50","7,030","4.5 out of 5 stars"
"Casio Collection Unisex Adults Watch AQ-230A","","6,807","4.5 out of 5 stars"
"ZOSKVEE Smart Watch Answer/Make Calls, 2.01"" Smartwatch Men Women, Fitness Watch with Blood Pressure, Sleep Monitor, Step Counter, 110+ Sports, IP68 Waterproof Fitness Smartwatches for Android iOS","£18.32£18.32 Was: £33.32£33.32","2,353","4.1 out of 5 stars"
"Casio Unisex Watch in Resin/Acrylic Glass with Date Display and LED Light - Water Resistance & Alarm","£22.60£22.60 RRP: £25.00£25.00","4,529","4.6 out of 5 stars"
"Aptkdoe Smart Watch Answer/Make Calls, 1.85"" Touch Screen Fitness Watch for Men Women, Heart Rate Sleep Monitor, Step Counter, 112 Sports Modes, IP68 Waterproof Fitness Tracker for iOS Andriod(Green)","£13.99£13.99","2,334","4.2 out of 5 stars"
"Lacoste Unisex Analog Quartz Watch with Silicone Strap","£53.09£53.09 RRP: £67.50£67.50","262","4.5 out of 5 stars"
"Smart Watch, 1.69"" HD Touch Screen Fitness Watch for Men Women, 25 Sports Modes Fitness Tracker with Heart Rate Sleep Monitor, Pedometer Activity Trackers, IP68 Waterproof Smartwatch for Android IOS","£21.99£21.99 RRP: £79.99£79.99","1,243","4.2 out of 5 stars"
"Lorus Herren-Uhren Analog Automatik 32025166","£61.67£61.67 RRP: £108.32£108.32","82","4.1 out of 5 stars"
"Tommy Hilfiger Analog Quarzuhr für Herren mit Weisses Silikonarmband - 1791481","£68.47£68.47 Was: £71.23£71.23","1,821","4.5 out of 5 stars"
"Casio ats22168 - Watch, Strip","£12.49£12.49","56","4.2 out of 5 stars"
"Tommy Hilfiger Analogue Multifunction Quartz Watch for men with Stainless Steel bracelet","£107.29£107.29 RRP: £170.10£170.10","1,080","4.6 out of 5 stars"
"HUGO Analogue Quartz Watch for Men with Brown Leather Strap - 1530134","£71.10£71.10 RRP: £107.10£107.10","396","4.4 out of 5 stars"
"Casio Women Digital Quartz Watch with Leather Strap LA680WEL-8EF","£18.85£18.85","26","4.1 out of 5 stars"
"Popglory Smart Watch for Women Men Kids, 1.69"" Smartwatch, 48mm Fitness Tracker Watch with Blood Pressure and Heart Rate Monitor 100+ Sports Waterproof Fitness Watch, Long Standby for Android iOS","£16.66£16.66","30,815","4.1 out of 5 stars"
"Ordtop Smartwatch for Men and Women, Smartwatch 1.69 Sports Watch Pedometer Heart Rate Monitor Sleep Monitor IP68 Waterproof Smart Watch 24 Modes Smart Bracelet Stopwatch for Android iOS","£19.97£19.97 Was: £27.99£27.99","12,091","4.1 out of 5 stars"
"SHANG WING Smart Watches for Women, Fitness Watch Smart Watch Fitness Tracker Ladies with Pedometer Heart Rate Monitor Blood Oxygen Sleep Monitor Activity Tracker Waterproof IP68 for Android iOS","£24.99£24.99","3,201","4.4 out of 5 stars"
"FOSSIL Decker Watch for Men, Quartz Chronograph Movement with Stainless Steel or Leather Strap.","£62.10£62.10","4,116","4.6 out of 5 stars"
"Timex Weekender 38 mm Watch","£44.33£44.33 RRP: £50.01£50.01","17,690","4.4 out of 5 stars"
"Ravel - Unisex Classic Everyday Watch","£8.09£8.09","274","4.2 out of 5 stars"
"Skagen Men's Jorn Three-Hand, 41mm case size, Stainless Steel Watch and stainless steel mesh strap","£62.89£62.89 RRP: £134.10£134.10","175","3.9 out of 5 stars"
"Casio Mens Digital Quartz Watch with Plastic Strap W-96H-1AVES","£21.99£21.99","747","4.6 out of 5 stars"
"OLEVS Men Skeleton Watch Automatic Designer Luxury Mechanical Wrist Watches Brown Leather Dress Casual Moon Phase Luminous Waterproof","£115.00£115.00","330","4.0 out of 5 stars"
"Hoxe Smart Watch for Men Women Answer/Make Calls, 1.85"" Inch HD Touch Screen Fitness Watch with Heart Rate Sleep Monitor, 100+ Sports Modes, Step Counter, IP68 Waterproof, Compatible with Android IOS","£22.99£22.99 RRP: £79.99£79.99","1,376","4.3 out of 5 stars"
"LIGE Military Smart Watch Men Answer/Make Calls,1.39"" HD 400mAh Long Battary Fitness Tracker 100+Sports Modes Heart Rate Sleep Monitor, Outdoor Waterproof 2 Straps Smart Watch for Android IOS Black","£35.62£35.62 Was: £47.49£47.49","244","4.4 out of 5 stars"
"LEMFO Smart Watch for Men Answer/Make Call, 1.39"" Touch Screen Fitness Watch 100+ Sports Modes 400mAh Smartwatch Heart Rate Blood Oxygen Sleep Monitor Step Counter for Android iOS Phones","£30.02£30.02 RRP: £58.32£58.32","528","4.1 out of 5 stars"
"CASIO Men's MTP-1302PD","£41.67£41.67 Was: £46.94£46.94","6,444","4.6 out of 5 stars"
"Fossil Watch for Men Neutra Chrono, Quartz Chronograph Movement, 44 mm Smoke Stainless Steel Case with a Leather Strap, FS5512","£84.69£84.69 RRP: £143.10£143.10","230","4.5 out of 5 stars"
"Ddidbi Smart Fitness Watch for Men Women(Answer/Make Calls), 1.85"" HD Touch Screen with Sleep Heart Rate Monitor, 112 Sports Modes, IP68 Waterproof Activity Trackers Compatible with Android IOS","£22.79£22.79 RRP: £89.99£89.99","9,027","4.2 out of 5 stars"
"Casio Women's MQ24-7B3LL Classic Watch","£13.99£13.99","3,302","4.5 out of 5 stars"
"Military Smart Watch for Men 2023, Bluetooth Voice Call Compatible Android iOS Phone, Smartwatch with Heart Rate SpO2 Pressure Sleep Monitor, IP67 Waterproof Tactical Fitness Watch","£43.89£43.89 Was: £56.99£56.99","228","4.3 out of 5 stars"
"CASIO STANDARD DIGITAL WATCH WITH LED-LIGHT F-91W-1JF","£6.12£6.12","5,005","4.5 out of 5 stars"
"LN LENQIN Mens Watches Ladies Watches Analog Quartz Watch for Men Women 30M Waterproof Watch Fashion Casual Men's Wrist Watches with Date Silicone Band Unisex Watch","£10.74£10.74","803","4.4 out of 5 stars"
"Casio Men's Watch in Resin/Acrylic Glass with Neo Display & Buckle - Water Resistant to 50 m","£26.99£26.99 RRP: £45.00£45.00","6,251","4.6 out of 5 stars"
"Ravel - Women's Pastel Coloured Everyday Silver Tone Watch - Analogue Quartz - R0137","£14.16£14.16 Was: £16.66£16.66","2,498","4.4 out of 5 stars"
"Ravel Unisex Easy Read Watch with Big Numbers","£101.53£101.53 RRP: £161.10£161.10","7,677","4.4 out of 5 stars"
"Mens Digital Watches, 5 ATM Waterproof Sport Watch with Alarm/Stopwatch Black Big Face Running Military Wrist Watch with LED Backlight for Men by RSVOM","£24.99£24.99","3,212","4.6 out of 5 stars"
"Timex Easy Reader 35 mm Date Window Watch","£24.98£24.98 RRP: £33.32£33.32","5,797","4.5 out of 5 stars"
"LN LENQIN Mens Watches Military Watch Field Watch Analog Quartz Watches for Men Waterproof Wrist Watches with Date Nylon Band Army Tactical Sports Watch","£205.06£205.06","154","4.3 out of 5 stars"
"Tommy Hilfiger Analogue Multifunction Quartz Watch for Men with Blue Silicone Bracelet - 1791791","£6.98£6.98","378","4.5 out of 5 stars"
"HANPOSH Mens Watches Chronograph Stainless Steel Analog Quartz Watch Waterproof Men's Wrist Watches Business Casual Fashion Watch for Men","£37.99£37.99","738","4.2 out of 5 stars"
"Sekonda Classic Brown Leather Strap Watch 3676","£22.49£22.49 Was: £24.29£24.29","191","4.4 out of 5 stars"
"Citizen Mens Chronograph Eco-Drive Watch","£72.96£72.96","807","4.5 out of 5 stars"
"Men's Wrist Watches, Analog Quartz Business Stainless Steel Waterproof Watch, Luxury Casual Classic Multi-Function Watches for Men","£33.32£33.32","137","4.2 out of 5 stars"
"Men's Watches with Stainless Steel and Metal Casual Waterproof Chronograph Quartz Watch, Auto Date","£24.29£24.29","3,409","4.4 out of 5 stars"
"Sekonda Mens 40mm Evans Classic Three Hand Analogue Quartz Watch Alloy Case with Black Leather Strap","£144.99£144.99","617","4.4 out of 5 stars"
"Lacoste Analogue Quartz Watch for Men with Brown Leather Strap - 2011230","£4.49£4.49","10","4.8 out of 5 stars"
"BY BENYAR Watch for Men Analog Quartz Chronograph Mens Watches 30M Waterproof Luminous Big Face Designer Dress Wrist Watches Business Work Sport Casual Fashion Watch Elegant Gift for Men","£26.66£26.66 RRP: £54.16£54.16","13,497","4.4 out of 5 stars"
"Timex Easy Reader Women's 25 mm Leather Strap Date Window Watch","£29.66£29.66 RRP: £36.00£36.00","6,484","4.6 out of 5 stars"
"BOSS Men's Quartz Watch with Stainless Steel Strap, Two Tone, 22 (Model: 1513767), Two Tone, Quartz Watch","£106.47£106.47 RRP: £179.10£179.10","108","4.4 out of 5 stars"
"Wrist Watch for Women, Fashion Designed Quartz Analog Women's Watch with Silicone Strap","£42.87£42.87 RRP: £80.99£80.99","156","4.5 out of 5 stars"
"Sekonda Men's Quartz Watch with Blue Dial Analogue Display and Silver Stainless Steel Bracelet 1065.27","£165.03£165.03 RRP: £179.10£179.10","357","4.4 out of 5 stars"
"Timex Expedition Camper Men's 39 mm Watch","£36.42£36.42 RRP: £53.99£53.99","8,115","4.4 out of 5 stars"
"Tommy Hilfiger Analogue Multifunction Quartz Watch for Men with Two-Tone Stainless Steel Bracelet - 1791226","£8.32£8.32","836","4.6 out of 5 stars"
"Sekonda Men's Chronograph Watch, with Various Colour dials in Either a Leather Strap or Stainless Steel Bracelet","£168.29£168.29","256","4.5 out of 5 stars"
"BOSS Analogue Quartz Watch for Men with Light Brown Leather Strap - 1513331","£18.58£18.58","701","4.6 out of 5 stars"
"Sekonda Men's Digital Watch with Digital Display","£194.99£194.99","106","4.0 out of 5 stars"
"HANPOSH Mens Watches Analog Quartz Watches Men 50M Waterproof Watch Fashion Business Casual Mens Designer Watch with Date Wrist Watches for Man","","1,552","4.3 out of 5 stars"
"BOSS Chronograph Quartz Watch for men VELOCITY Collection with Silicone bracelet","£5.00£5.00","1,469","4.6 out of 5 stars"
"Casio Men's MQ24-7B2 with Black Resin Band","£69.63£69.63 RRP: £116.10£116.10","8,648","4.4 out of 5 stars"
"BOSS Chronograph Quartz Watch for Men with Silver Stainless Steel Bracelet - 1513527","£6.58£6.58 RRP: £8.32£8.32","522","4.6 out of 5 stars"
"Emporio Armani Herrenuhr mit DREI Zeigern, Edelstahl, Gehäusegröße 43 mm","£41.66£41.66","17","4.4 out of 5 stars"
"Gadgetking Military Army Mens Date Canvas Strap Analog Quartz Sport Wrist Watch Gift Gift for him Dad Uncle Father Teenager Man Secret Santa Adult Stocking Filler","£24.99£24.99","28","3.4 out of 5 stars"
"Fossil Watch for Men The Minimalist, Quartz Movement, 44 mm Silver Stainless Steel Case with a Leather Strap, FS5304","","2,564","4.5 out of 5 stars"
"Ravel Unisex Super Bold Sight Aid Watch with Big Numbers","£18.85£18.85","1,559","4.2 out of 5 stars"
"Sekonda Mens 44mm Dive Style Chronograph Quartz Watch with Stainless Steel Bracelet Date Function 50m Water Resistant","£118.75£118.75 RRP: £202.50£202.50","493","4.4 out of 5 stars"
